	राज्य	मतदाता नामावली दर्ता गर्ने अन्तीम समय सीमा	निर्वाचन दिन दर्ता
https://www.vote.org/state/alabama	अलाबामा	आफै गएर: निर्वाचनको मितिको 15 दिन अघि ।\n मेल द्वारा: निर्वाचनको मितिको 15 दिन अघि पोस्टमार्क ।\n अनलाइन: निर्वाचनको मितिको 15 दिन अघि ।	यो सुविधा उपलब्ध छैन
https://www.vote.org/state/alaska	अलास्का	आफै गएरः निर्वाचनको मितिको 30 दिन अघि ।\n मेल द्वारा: निर्वाचनको मितिको कम्तिमा 30 दिन अघि पोस्टमार्क गरिएको।\n अनलाइन: निर्वाचनको मितिको 30 दिनअघि ।	यो सुविधा उपलब्ध छैन
https://www.vote.org/state/arizona	एरिजोना	आफै गएरः निर्वाचनको दिन भन्दा २९ दिन अघि । यदि म्यादको पछिल्लो दिन सरकारी बिदा वा सप्ताहन्तमा परेमा त्यसपछिको कार्यलय खुल्ने पहिलो दिनमा ।\n मेल द्वारा: निर्वाचनको मितिको 29 दिन अघि पोस्टमार्क गरिएको, र निर्वाचनको मितिको साँझ 7 बजे सम्म प्राप्त हुनु पर्ने ।\n अनलाइन: निर्वाचनको दिन भन्दा २९ दिन अघि । यदि म्यादको पछिल्लो दिन सरकारी बिदा वा सप्ताहन्तमा परेमा त्यसपछिको कार्यलय खुल्ने पहिलो दिनमा ।	यो सुविधा उपलब्ध छैन
https://www.vote.org/state/arkansas	अर्कान्सास	आफै गएरः निर्वाचनको मितिको 30 दिन अघि । यदि यो शनिबार, आइतवार, वा सरकारी बिदा परेमा त्यसपछि कार्यालय खुलेको पहिलो दिन ।\n मेल द्वारा: निर्वाचनको मितिको 30 दिन अघि पोस्टमार्क। यदि यो शनिबार, आइतवार, वा सरकारी बिदा परेमा त्यसपछि कार्यालय खुलेको पहिलो दिन ।\n अनलाइन: सुविधा उपलब्ध छैन।	यो सुविधा उपलब्ध छैन
https://www.vote.org/state/california	क्यालिफोर्निया	आफै गएरः निर्वाचनको मितिको 15 दिन अघि ।\n मेल द्वारा: निर्वाचनको मितिको 15 दिन अघि पोस्टमार्क ।\n अनलाइन: निर्वाचनको मितिको 15 दिन अघि।	यदि मतदाता दर्ताको अन्तिम मिति बितिसकेको छ भने, तपाईंले अझै पनि सशर्त रूपमा मतदान गर्न दर्ता गर्न सक्नुहुन्छ र आफ्नो काउन्टी निर्वाचन कार्यालयमा कुनै पनि समयमा र निर्वाचनको दिन सम्ममा व्यक्तिगत रूपमा अस्थायी मतपत्र बुझाउन सक्नुहुन्छ। तपाईं सशर्त रूपमा निर्वाचनको मितिमा आफ्नो मतदान स्थलमा दर्ता गर्न सक्नुहुन्छ। तपाईंको काउन्टी निर्वाचन अधिकारीले तपाईंको मतदाता दर्ता प्रमाणीकरण गर्दा तपाईंको अस्थायी मतपत्र गणना गरिनेछ। सशर्त दर्ता काउन्टी निर्वाचन स्याटेलाइट कार्यालय र मतदान केन्द्रहरूमा पनि उपलब्ध हुन सक्छ।
https://www.vote.org/state/colorado	कोलोराडो	आफै गएरः निर्वाचनको मितिको (यदि व्यक्तिगत रूपमा मतदान गर्दै हुनुहुन्छ) ।\n मेल द्वारा: निर्वाचनको मितिको 8 दिन अघि पोस्टमार्क गरिएको ।\n अनलाइन: निर्वाचनको मितिको 8 दिन अघि।	यदि तपाईं व्यक्तिगत रूपमा मतदान गर्दै हुनुहुन्छ भने, तपाईंले प्रारम्भिक मतदान अवधि वा निर्वाचनको मितिमा मतदाता सेवा र मतदान केन्द्रमा व्यक्तिगत रूपमा उपस्थित भएर निर्वाचनको दिनमा दर्ता गर्न र मतदान गर्न सक्नुहुन्छ। यदि तपाइँसँग कुनै प्रश्न छ भने तपाइँको स्थानीय निर्वाचन कार्यालयलाई सम्पर्क गर्नुहोस्।
https://www.vote.org/state/connecticut	कनेक्टिकट	आफै गएरः निर्वाचनको मितिको 18 दिन अघि ।\n कनेक्टिकटले निर्वाचनको मितिको र आम चुनावको प्रारम्भिक मतदानको समयमा पनि उही-दिन दर्ता प्रदान गर्दछ ।\n मेल द्वारा: निर्वाचनको मितिको 18 दिन अघि। कनेक्टिकटले निर्वाचनको मितिको र आम चुनावको प्रारम्भिक मतदानको समयमा पनि उही-दिन दर्ता प्रदान गर्दछ। अनलाइन: निर्वाचनको मितिको 18 दिन अघि प्राप्त भयो। कनेक्टिकटले निर्वाचनको मितिको र आम चुनावको प्रारम्भिक मतदानको समयमा पनि उही-दिन दर्ता प्रदान गर्दछ।	यदि मतदाता दर्ताको अन्तिम मिति बितिसकेको छ भने, तपाइँ अझै पनि मतदान गर्न दर्ता गर्न सक्नुहुन्छ र प्रारम्भिक मतदान वा आम चुनावको लागि निर्वाचनको दिनमा व्यक्तिगत रूपमा मतदान गर्न सक्नुहुन्छ। यदि तपाइँसँग कुनै प्रश्न छ भने तपाइँको स्थानीय निर्वाचन कार्यालयलाई सम्पर्क गर्नुहोस्।
https://www.vote.org/state/delaware	डेलावेयर	आफै गएरः निर्वाचनको मितिको अघिको चौथो शनिबार सम्म।\n  मेल द्वारा: निर्वाचनको मितिको अघिको चौथो शनिबार द्वारा पोस्टमार्क गरिएको।\n  अनलाइन: निर्वाचनको मितिको अघि चौथो शनिबार सम्म।	यो सुविधा उपलब्ध छैन
https://www.vote.org/state/district-of-columbia	वाशिङटन डी सी	आफै गएरः प्रारम्भिक मतदान अवधि सुरु हुनु अघिको दिन । प्रारम्भिक मतदानको समयमा र निर्वाचनको मितिको पनि उही-दिन नामावली दर्ता सुविधा उपलब्ध छ।\n  मेल द्वारा: निर्वाचनको मितिको 21 दिन अघि।\n  अनलाइन: निर्वाचनको मितिको २१ दिन अघि।	यदि तपाईंले मतदाता दर्ताको अन्तिम मिति गुमाउनुभएको छ भने, तपाईंले अझै पनि मतदान गर्न दर्ता गर्न सक्नुहुन्छ र प्रारम्भिक मतदानको समयमा वा निर्वाचनको मितिकोमा एकै समयमा मतदान गर्न सक्नुहुन्छ। दर्ता गर्न र भोट गर्नको लागि केवल आफ्नो नियमित मतदान स्थल वा प्रारम्भिक मतदान स्थलमा जानुहोस्। यदि तपाइँसँग कुनै प्रश्न छ भने तपाइँको स्थानीय निर्वाचन कार्यालयलाई सम्पर्क गर्नुहोस्। तपाईंले आफ्नो हालको नाम र ठेगाना देखाउने निर्वाचनको मितिकोको ९० दिन भित्र सरकारी फोटो आईडी, वा हालको उपयोगिता बिलको प्रतिलिपि, बैंक स्टेटमेन्ट, सरकारी चेक, वा भुक्तानी चेक जस्ता निवासको प्रमाण ल्याउनु पर्छ।
https://www.vote.org/state/florida	फ्लोरिडा	आफै गएरः निर्वाचनको 29 दिन अघि।\n  मेल द्वारा: निर्वाचन 29 दिन अघि प्राप्त वा पोस्टमार्क भएको।\n  अनलाइन: निर्वाचनको दिनभन्दा २९ दिन अगाडि।	यो सुविधा उपलब्ध छैन
https://www.vote.org/state/georgia	जर्जिया	आफै गएरः निर्वाचनको दिनको अघिको पाँचौं सोमबार, त्यो दिन कानुनी बिदा भए त्यसपछिको कार्यालय खुलेको पहिलो दिनमा।\n  मेल द्वारा: निर्वाचनको मितिको अघिल्लो पाँचौं सोमबार सम्म पोस्माटमार्क गरिएको।\n अनलाइन: निर्वाचनको दिनको अघिको पाँचौं सोमबार, त्यो दिन बिदा भए त्यसपछिको कार्यालय खुलेको पहिलो दिनमा।	यो सुविधा उपलब्ध छैन
https://www.vote.org/state/hawaii	हवाई	व्यक्तिगत रूपमा: निर्वाचनको मिति सम्म, यद्यपि निर्वाचनको मितिको अघिको 10 दिन भित्र दर्ता गर्ने मतदाताहरूले अस्थायी मतपत्रमा मतदान गर्न आवश्यक हुन सक्छ। मेल द्वारा: निर्वाचनको मितिको 10 दिन अघि पोस्टमार्क गरिएको, यदि यो शनिबार वा आइतवारमा पर्यो भने त्यसपछिको कार्यालय खुलेको पहिलो दिनमा। अनलाइन: निर्वाचनको मिति सम्म, यद्यपि निर्वाचनको मितिको भन्दा कम 10 दिन अघि दर्ता गर्ने मतदाताहरूले अस्थायी मतपत्रमा मतदान गर्न आवश्यक हुन सक्छ।	यदि तपाईंले मतदाता दर्ताको अन्तिम मिति गुमाउनुभएको छ भने, तपाईं अझै पनि निर्वाचनको मितिको वा अघि कुनै पनि समय अनलाइन मतदान गर्न दर्ता गर्न सक्नुहुन्छ। तपाईंले आफ्नो काउन्टीको मतदाता सेवा केन्द्रमा निर्वाचनको मितिको वा अघि एकै समयमा मतदान गर्न र मतदान गर्न दर्ता गर्न सक्नुहुन्छ, निर्वाचनको मितिको भन्दा 10 व्यापार दिन अघि। यदि तपाइँसँग कुनै प्रश्न छ भने तपाइँको स्थानीय निर्वाचन कार्यालयलाई सम्पर्क गर्नुहोस्।
https://www.vote.org/state/idaho	आइडाहो	आफै गएरः निर्वाचनको मितिको 25 दिन अघि । यदि तपाईंले यो म्याद छुटाउनुभयो भने, तपाईंले प्रारम्भिक मतदानको समयमा वा निर्वाचनको मितिमा पनि दर्ता गर्न सक्नुहुन्छ। मेल द्वारा: निर्वाचनको मितिको 25 दिन अघि पोस्टमार्क। यदि तपाईंले यो म्याद छुटाउनुभयो भने, तपाईंले प्रारम्भिक मतदानको समयमा वा निर्वाचनको मितिमा पनि दर्ता गर्न सक्नुहुन्छ। अनलाइन: निर्वाचनको मितिको 25 दिन अघि । यदि तपाईंले यो म्याद छुटाउनुभयो भने, तपाईंले प्रारम्भिक मतदानको समयमा वा निर्वाचनको मितिकोमा पनि दर्ता गर्न सक्नुहुन्छ।	यदि तपाईंले मतदाता दर्ताको अन्तिम मिति गुमाउनुभएको छ भने, तपाईंले अझै पनि मतदान गर्न दर्ता गर्न सक्नुहुन्छ र प्रारम्भिक मतदानको समयमा (यदि तपाईंको काउन्टीले प्रारम्भिक मतदान सञ्चालन गर्दछ) वा निर्वाचनको मितिकोमा एकै समयमा मतदान गर्न सक्नुहुन्छ। दर्ता गर्न र भोट गर्नको लागि केवल आफ्नो नियमित मतदान स्थल वा प्रारम्भिक मतदान स्थलमा जानुहोस्। तपाईंले निवासको प्रमाण र फोटो आईडी देखाउन आवश्यक हुनेछ। यदि तपाइँसँग कुनै प्रश्न छ भने तपाइँको स्थानीय निर्वाचन कार्यालयलाई सम्पर्क गर्नुहोस्।
https://www.vote.org/state/illinois	इलिनोइस	व्यक्तिगत रूपमा: निर्वाचनको मितिको भन्दा 28 दिन अघि । (यदि मतदाताहरूले यो म्याद छुटाए भने, उनीहरूले दर्ता ग्रेस अवधिमा पनि दर्ता गर्न सक्छन्।) मेल द्वारा: निर्वाचनको मितिको 28 दिन अघि पोस्टमार्क गरिएको। अनलाइन: निर्वाचनको मितिको 16 दिन अघि । (यदि मतदाताहरूले यो म्याद गुमाए भने, उनीहरूले दर्ता ग्रेस अवधिमा पनि दर्ता गर्न सक्छन्।)	तपाइँ "अनुग्रह अवधि" मा तपाइँको स्थानीय निर्वाचन कार्यालयमा व्यक्तिगत रूपमा दर्ता गर्न सक्नुहुन्छ (र भोट)। अनुग्रह अवधि निर्वाचन दिन अघि 27 दिन सुरु हुन्छ र निर्वाचन दिन मा समाप्त हुन्छ। तपाईंको नियमित मतदान स्थलमा ग्रेस अवधिको मतदान हुँदैन। अनुग्रह अवधि मतदान सामान्यतया तपाइँको स्थानीय निर्वाचन कार्यालय मा उपलब्ध छ। थप जानकारीको लागि आफ्नो स्थानीय निर्वाचन कार्यालयमा सम्पर्क गर्नुहोस्।
https://www.vote.org/state/indiana	इन्डियाना	व्यक्तिगत रूपमा: निर्वाचनको मिति भन्दा २९ दिन अघि। मेल द्वारा: निर्वाचनको मिति भन्दा 29 दिन अघि पोस्टमार्क गरिएको। अनलाइन: निर्वाचनको मिति भन्दा २९ दिन अगाडि।	यो सुविधा उपलब्ध छैन
https://www.vote.org/state/iowa	आयोवा	आफै गएरः निर्वाचनको मितिको 15 दिन अघि। तपाईले प्रारम्भिक मतदानको समयमा वा निर्वाचनको मितिमा समेत व्यक्तिगत रूपमा मतदान गर्न दर्ता गर्न सक्नुहुन्छ। मेल द्वारा: निर्वाचनको मितिको 15 दिन अघि पोस्टमार्क। अनलाइन: निर्वाचनको मितिको 15 दिन अघि।	तपाईले मतदान गर्न दर्ता गर्न सक्नुहुन्छ र प्रारम्भिक मतदानको समयमा वा निर्वाचनको मितिकोमा एकै समयमा मतदान गर्न सक्नुहुन्छ। दर्ता गर्न र भोट गर्नको लागि केवल आफ्नो नियमित मतदान स्थल वा प्रारम्भिक मतदान स्थलमा जानुहोस्। तपाईंले वैध फोटो आईडी ल्याउनु पर्छ र, यदि आईडीले तपाईंको हालको ठेगाना सूचीबद्ध गर्दैन भने, निवासको प्रमाण पनि। यदि तपाइँसँग कुनै प्रश्न छ भने तपाइँको स्थानीय निर्वाचन कार्यालयलाई सम्पर्क गर्नुहोस्।
https://www.vote.org/state/kansas	क्यान्सास	आफै गएरः निर्वाचनको मितिको अघि २१ दिन। मेल द्वारा: निर्वाचनको मितिको 21 दिन अघि पोस्टमार्क गरिएको। अनलाइन: निर्वाचनको मितिको २१ दिन अघि ।	यो सुविधा उपलब्ध छैन
https://www.vote.org/state/kentucky	केन्टकी	आफै गएरः निर्वाचनको दिन 29 दिन अघि। मेल द्वारा: निर्वाचनको मितिको भन्दा 29 दिन अघि पोस्टमार्क गरिएको। अनलाइन: निर्वाचनको दिन भन्दा २९ दिन अगाडि।	यो सुविधा उपलब्ध छैन
https://www.vote.org/state/louisiana	लुइजियाना	आफै गएरः निर्वाचनको मितिको 30 दिन अघि । मेल द्वारा: निर्वाचनको मितिको 30 दिन अघि पोस्टमार्क। अनलाइन: निर्वाचनको मितिको 20 दिन अघि।	यो सुविधा उपलब्ध छैन
https://www.vote.org/state/maine	मेन	ब्यक्तिगत रूपमा: निर्वाचनको मिति सम्म। मेल द्वारा: निर्वाचनको मिति भन्दा 21 दिन अघि सम्म। अनलाइन: निर्वाचनको मिति २१ दिन अघि ।	यदि तपाइँ निर्वाचनको मितिको सहित, निर्वाचनको 21 दिन भित्र मतदान गर्न दर्ता गर्नुहुन्छ भने, तपाइँ नगरपालिका रजिस्ट्रारमा व्यक्तिगत रूपमा दर्ता गर्नुपर्छ। पहिचानको प्रमाण र निवासको प्रमाण आवश्यक छ। कुनै प्रश्न भएमा आफ्नो स्थानीय निर्वाचन कार्यालयलाई सम्पर्क गर्नुहोस्।
https://www.vote.org/state/maryland	मेरील्याण्ड	आफै गएरः निर्वाचनको मितिको २१ दिन अघि । तपाईंले प्रारम्भिक मतदानको समयमा वा निर्वाचनको मितिमा ठेगानाको प्रमाण सहित दर्ता गर्न सक्नुहुन्छ। निर्वाचन दिन दर्ता प्रकृया हेर्नुहोस। मेल द्वारा: निर्वाचनको मितिको अघि 21 दिन पोस्टमार्क गरिएको। तपाईंले प्रारम्भिक मतदानको समयमा वा निर्वाचनको मितिकोमा ठेगानाको प्रमाण सहित दर्ता गर्न सक्नुहुन्छ।  निर्वाचन दिन दर्ता प्रकृया हेर्नुहोस। अनलाइन: निर्वाचनको मितिको अघि २१ दिन। तपाईंले प्रारम्भिक मतदानको समयमा वा निर्वाचनको मितिकोमा ठेगानाको प्रमाण सहित दर्ता गर्न सक्नुहुन्छ।  निर्वाचन दिन दर्ता प्रकृया हेर्नुहोस।	तपाईंले प्रारम्भिक मतदानको समयमा र निर्वाचनको मितिकोमा व्यक्तिगत रूपमा मतदान गर्न दर्ता गर्न सक्नुहुन्छ। तपाईंले हालको र वैध फोटो आईडी कार्ड (जस्तै, मेरील्याण्ड ड्राइभर लाइसेन्स, MVA- जारी गरिएको आईडी कार्ड, विद्यार्थी, कर्मचारी, वा सैन्य आईडी कार्ड, अमेरिकी राहदानी, वा कुनै अन्य राज्य वा संघीय सरकारले जारी गरेको आईडी कार्ड) ल्याउन आवश्यक छ; वा युटिलिटी बिलको प्रतिलिपि, बैंक स्टेटमेन्ट, सरकारी चेक, पेचेक वा अन्य सरकारी कागजात जसले तपाईंको नाम र ठेगाना देखाउँदछ र जुन निर्वाचनको 3 महिना भित्रमा मिति हुन्छ।
https://www.vote.org/state/massachusetts	म्यासाचुसेट्स	आफै गएरः निर्वाचनको मितिको 10 दिन अघि। मेल द्वारा: निर्वाचनको मितिको 10 दिन अघि पोस्टमार्क। अनलाइन: निर्वाचनको मितिको 10 दिन अघि।	यो सुविधा उपलब्ध छैन
https://www.vote.org/state/michigan	मिशिगन	आफै गएरः कुनै पनि समय तपाईंको शहर वा टाउनशिप क्लर्कको कार्यालयमा निर्वाचनको मितिमा साँझ 8 बजे सम्म। मेल द्वारा: निर्वाचनको मितिको 15 दिन अघि पोस्टमार्क। अनलाइन: निर्वाचनको मितिको 15 दिन अघि।	तपाईंले आफ्नो सहर वा टाउनशिप क्लर्कको कार्यालयमा निर्वाचनको मितिकोमा एकै समयमा मतदान गर्न र मतदान गर्न दर्ता गर्न सक्नुहुन्छ। तपाईंले बसोबासको प्रमाण पेश गर्न आवश्यक छ, जस्तै ड्राइभर इजाजतपत्र वा राज्य व्यक्तिगत पहिचान कार्ड। यदि तपाईंसँग यी कागजातहरू छैनन् भने, तपाईंले यसको सट्टा सरकारी वा शैक्षिक संस्थाद्वारा जारी गरिएको हालको फोटो आईडी र हालको उपयोगिता बिल, बैंक स्टेटमेन्ट, पेचेक, सरकारी चेक, वा तपाईंको नाम र हालको निवास ठेगाना समावेश भएको अन्य सरकारी कागजातहरू प्रदान गर्न सक्नुहुन्छ।
https://www.vote.org/state/minnesota	मिनेसोटा	आफै गएरः निर्वाचनको मिति सम्म। मेल द्वारा: निर्वाचनको मितिको 21 दिन अघि साँझ 5 बजे । अनलाइन: निर्वाचनको दिन २१ दिन अघि राति ११:५९ बजे सम्म्।	यदि तपाईंले मतदाता दर्ताको अन्तिम मिति गुमाउनुभएको छ भने, तपाईं अझै पनि मतदान गर्न दर्ता गर्न सक्नुहुन्छ र व्यक्तिगत अनुपस्थित मतदान अवधि (प्रारम्भिक मतदान) वा निर्वाचनको मितिकोमा एकै समयमा मतदान गर्न सक्नुहुन्छ। दर्ता गर्न र भोट गर्नको लागि केवल तपाईको नियमित व्यक्तिगत अनुपस्थित मतदान साइटमा -- वा तपाईको नियमित मतदान स्थलमा जानुहोस्। तपाईंले मान्य र हालको मिनेसोटा ड्राइभर इजाजतपत्र, सिक्ने अनुमति पत्र, परिचयपत्र (वा यी मध्ये कुनै एकको लागि रसिद), वा आदिवासी आईडी ल्याउनु पर्छ। यदि ID ले तपाइँको हालको नाम र ठेगाना सूचीबद्ध गर्दैन भने, तपाइँको हालको नाम र ठेगाना सहितको कागजातको अतिरिक्त यसलाई वा फरक फोटो आईडी ल्याउनुहोस्। कागजात एक उपयोगिता बिल, क्रेडिट कार्ड वा बैंकिङ स्टेटमेन्ट, वा धितो वा लीज स्टेटमेन्ट हुन सक्छ वा निर्वाचनको 30 दिन भित्र मिति हुन सक्छ; हालको पट्टा; वा विद्यार्थी शुल्क विवरण। यो तपाईंको इलेक्ट्रोनिक उपकरणमा देखाउन सकिन्छ। यदि तपाइँसँग कुनै प्रश्न छ भने तपाइँको स्थानीय निर्वाचन कार्यालयलाई सम्पर्क गर्नुहोस्।
https://www.vote.org/state/mississippi	मिसिसिपी	आफै गएरः निर्वाचनको मितिको 30 दिन अघि । यदि 30 औं दिन आइतवार वा बिदामा पर्छ भने, त्यसपछिको  कार्यालय खुलेको पहिलो दिन। मेल द्वारा: निर्वाचनको मितिको 30 दिन अघि पोस्टमार्क। यदि 30 औं दिन आइतवार वा कानुनी बिदामा पर्छ भने, पोस्टमार्क म्याद त्यसपछिको  कार्यालय खुलेको पहिलो दिन। अनलाइन: यो सुविधा उपलब्ध छैन।	यो सुविधा उपलब्ध छैन
https://www.vote.org/state/missouri	मिजोरी	आफै गएरः  निर्वाचनको मितिको अघिको चौथो बुधबार सम्म । मेल द्वारा: निर्वाचनको मिति अघिको चौथो बुधबार सम्म पोस्टमार्क गरिएको। अनलाइन: निर्वाचनको मितिको अघिको चौथो बुधबार ।	यो सुविधा उपलब्ध छैन
https://www.vote.org/state/montana	मोन्टाना	आफै गएरः निर्वाचनको मितिको अघिल्लो दिन मध्यान्न सम्म। मेल द्वारा: निर्वाचनको मितिको 30 दिन अघि पोस्टमार्क गरिएको र निर्वाचनको मितिको 27 दिन अघि प्राप्त हुनुपर्ने। अनलाइन: यो सुविधा उपलब्ध छैन	तपाईंले ढिलो दर्ता विकल्प मार्फत दर्ता गर्न र निर्वाचनको दिन मतदान गर्न सक्नुहुन्छ।
https://www.vote.org/state/nebraska	नेब्रास्का	आफै गएरः निर्वाचनको मितिको 11 दिन अघि  मेल द्वारा: निर्वाचनको मिति भन्दा 18 दिन अघि पोस्टमार्क गरिएको। अनलाइन: निर्वाचनको मितिको 18 दिन अघि ।	यो सुविधा उपलब्ध छैन
https://www.vote.org/state/nevada	नेभाडा	आफै गएरः निर्वाचनको दिनभन्दा २८ दिन अघि (वा प्रारम्भिक मतदानको समयमा वा निर्वाचनको मितिमा उही दिन दर्ता)। मेल द्वारा: निर्वाचनको मितिको 28 दिन अघि पोस्टमार्क गरिएको। यदि तपाईंले यो म्याद छुटाउनुभयो भने, तपाईं प्रारम्भिक मतदानको समयमा वा निर्वाचनको मितिमा दर्ता गर्न सक्नुहुन्छ। अनलाइन: निर्वाचनको दिनभन्दा ५ दिन अगाडि। यदि तपाईंले यो म्याद छुटाउनुभयो भने, तपाईं प्रारम्भिक मतदानको समयमा वा निर्वाचनको मितिमा दर्ता गर्न सक्नुहुन्छ।	तपाईंले प्रारम्भिक मतदानको समयमा वा निर्वाचनको मितिकोमा मतदान स्थलमा व्यक्तिगत रूपमा मतदान गर्न दर्ता गर्न सक्नुहुन्छ। मतदानमा मतदान गर्न तपाईंले वैध नेभाडा ड्राइभर इजाजतपत्र वा पहिचान कार्ड देखाउनुपर्छ। यदि पहिचानमा तपाईंको हालको ठेगाना छैन भने, तपाईंले निवासको प्रमाण पनि देखाउनुपर्छ।
https://www.vote.org/state/new-hampshire	न्यू ह्याम्पशायर	आफै गएरः निर्वाचनको मितिमा। निर्वाचनको दिन को ६ देखि १३ दिन अघि पर्यवेक्षकहरूको अन्तिम बैठक बस्दछ, मतदाता दर्ता त्यस अघि नै गरिसक्नु पर्छ। यस्तो बैठक कहिले बस्छ भन्ने जानकारीको लागि सम्बन्धित नगरपालिका कार्यालमा बुझ्नु पर्दछ।  निर्वाचनको मितिको अघि 6-13 दिन। आफ्नो सहर/शहरको वेबसाइट जाँच गर्नुहोस्, वा पर्यवेक्षकको बैठकको मिति, समय र स्थानको लागि आफ्नो क्लर्कको कार्यालयमा कल गर्नुहोस्। मेल मार्फत: तपाइँ कुन शहरमा बस्नुहुन्छ भन्ने आधारमा, निर्वाचनको मितिको भन्दा 6 र 13 दिनको बीचमा । अनलाइन: यो सुविधा उपलब्ध छैन	यदि तपाईंले मतदाता दर्ताको अन्तिम मिति छुटाउनुभएको छ भने, तपाईं अझै पनि मतदान गर्न दर्ता गर्न सक्नुहुन्छ र निर्वाचनको दिनमा एकै समयमा मतदान गर्न सक्नुहुन्छ। दर्ता गर्न र भोट गर्नको लागि केवल आफ्नो नियमित मतदान स्थल वा प्रारम्भिक मतदान स्थलमा जानुहोस्। मतदाताले मत दिनको लागि मान्य फोटो परिचयपत्र ल्याउनु पर्नेछ। वैध फोटो आईडी नल्याउने मतदाताहरूले चुनौतीपूर्ण मतदाता शपथपत्र फारम कार्यान्वयन गर्छन् र पछि उनीहरूले मतदान गरेको पुष्टि गर्न अनुरोध गर्ने पत्र प्राप्त गर्नेछन्। प्रक्रिया वा पहिचान आवश्यकताहरू बारे प्रश्नहरूको लागि आफ्नो स्थानीय निर्वाचन कार्यालयलाई सम्पर्क गर्नुहोस्।
https://www.vote.org/state/new-jersey	न्यु जर्सी	आफै गएरः निर्वाचनको मितिको २१ अघि दिन। मेल द्वारा: निर्वाचनको मितिको 21 दिन अघि पोस्टमार्क गरिएको। अनलाइन: निर्वाचनको मितिको २१ दिन अघि ।	यो सुविधा उपलब्ध छैन
https://www.vote.org/state/new-mexico	न्यू मेक्सिको	आफै गएरः काउन्टी क्लर्कको कार्यालयमा (वा काउन्टी क्लर्कले अधिकार दिएको अन्य स्थान) मा निर्वाचन दिन अघिल्लो शनिबार सम्म। अन्यथा निर्वाचनको दिनभन्दा २८ दिन अगाडि। मेल द्वारा: निर्वाचनको मितिको 28 दिन अघि पोस्टमार्क गरिएको। यदि अन्तिम मिति भन्दा पहिले आवेदन पोस्टमार्क गरिएको छ भने अन्तिम मिति पछिको शुक्रवार सम्म आवेदन स्वीकार गर्न सकिन्छ। अनलाइन: निर्वाचनको दिन 28 दिन अघि।	न्यू मेक्सिकोमा कुनै पनि योग्य मतदाताले मतदान गर्न वा आफ्नो मतदाता दर्ता अद्यावधिक गर्न दर्ता गर्न सक्छन् र त्यसपछि उही दिन आफ्नो काउन्टी क्लर्कको कार्यालयमा वा निर्वाचनको मितिकोमा उनीहरूको काउन्टीको कुनै पनि मतदान स्थानमा र प्रारम्भिक मतदान स्थानहरूमा भाग लिन मतदान गर्न सक्छन्। मतदान गर्नु अघि दर्ता गर्न, तपाईंले निम्न मध्ये एक ल्याउन आवश्यक छ:  (1) कर र राजस्व विभागको मोटर वाहन डिभिजन मार्फत जारी गरिएको न्यू मेक्सिको ड्राइभर इजाजतपत्र वा न्यू मेक्सिको पहिचान कार्ड; (२) कुनै पनि कागजात जसमा काउन्टीको ठेगाना सहितको फोटो परिचय पत्र; वा (३) न्यू मेक्सिकोको पोस्ट-सेकेन्डरी शैक्षिक संस्थाबाट हालको मान्य विद्यार्थी फोटो पहिचान कार्डको साथमा काउन्टीमा विद्यार्थीको ठेगाना समावेश गरिएको हालको विद्यार्थी शुल्क विवरण।
https://www.vote.org/state/new-york	न्यू योर्क	आफै गएरः निर्वाचनको मितिको 10 दिन अघि। मेल द्वारा: निर्वाचनको मितिको 15 दिन अघि पोस्टमार्क भै निर्वाचनको मितिको भन्दा १० दिन अघि प्राप्त हुनु पर्ने। अनलाइन: निर्वाचनको मितिको 10 दिन अघि।	यो सुविधा उपलब्ध छैन
https://www.vote.org/state/north-carolina	नर्थ क्यारोलिना	व्यक्तिगत रूपमा: निर्वाचनको मितिको अघिल्लो शनिबार व्यक्तिगत रूपमा भोटिङ छ भने। (अन्यथा निर्वाचनको दिनभन्दा २५ दिन अगाडि।) मेल द्वारा: निर्वाचनको मितिको 25 दिन अघि पोस्टमार्क। यदि पोस्टमार्क छैन वा अस्पष्ट छ भने, निर्वाचनको मितिको भन्दा 20 दिन अगाडी सम्म प्राप्त आवेदन स्विकार गरिन्छ। अनलाइन: निर्वाचनको मितिको अघि 25 दिन।	उही दिन दर्ता सामान्यतया प्रारम्भिक मतदान अवधिमा मात्र उपलब्ध हुन्छ, तर निर्वाचनको मितिकोमा होइन। निम्न कागजातहरू मध्ये एउटा आवश्यक छ: उत्तरी क्यारोलिना ड्राइभर इजाजतपत्र, सरकारी एजेन्सीले जारी गरेको अन्य फोटो पहिचान, हालको उपयोगिता बिलको प्रतिलिपि, बैंक स्टेटमेन्ट, सरकारी चेक, पेचेक, वा मतदाताको नाम र ठेगाना देखाउने अन्य सरकारी कागजात, हालको कलेज/विश्वविद्यालयको फोटो परिचय पत्र क्याम्पस बसोबासको प्रमाण वा मतदान प्रयोजनका लागि स्वीकृत गरिएको अन्य फोटो परिचय पत्रसँग जोडिएको छ।  दर्ताको अन्तिम मिति (निर्वाचनको मितिको अघि 25 औं दिन) र निर्वाचनको मितिको बीचमा मतदान गर्न योग्य भएका निश्चित व्यक्तिहरूले निर्वाचनको दिनमा दर्ता गर्न आवेदन दिन सक्छन्: काउन्टी बोर्ड अफ इलेक्शनको सदस्य, काउन्टी डाइरेक्टर, निर्वाचन। वा मुख्य न्यायाधीश वा क्षेत्रको न्यायाधीश जसमा व्यक्ति मतदान गर्न योग्य छ। यदि आवेदन स्वीकृत भएमा, व्यक्तिले सोही दिन मतदान गर्न सक्छ। यो ती व्यक्तिहरूमा लागू हुन्छ जो भर्खरै संयुक्त राज्य अमेरिकाको अंगीकृत नागरिक बनेका छन् वा जो अपराधको सजाय पछि नागरिकतामा पुनर्स्थापित भएका छन्, तर यो 17 वर्ष पुरानो र दर्ताको म्याद पछि 18 पुगेका व्यक्तिहरूमा लागू हुँदैन।
https://www.vote.org/state/north-dakota	नर्थ डकोटा	आफै गएरः नर्थ डकोटामा मतदाता दर्ता आवश्यक पर्दैन। तसर्थ, मतदाताले स्वीकार्य परिचय पत्र देखाएमा योग्य मतदाताले निर्वाचनमा मतदान गर्न सक्छ। मेल द्वारा: नर्थ डकोटालाई मतदाता दर्ता आवश्यक पर्दैन। तसर्थ, मतदाताले स्वीकार्य पहिचान प्रदान गरेमा योग्य मतदाताले निर्वाचनमा मतदान गर्न सक्छ। अनलाइन: यो सुविधा उपलब्ध छैन	नर्थ डकोटालाई मतदाता दर्ताको आवश्यकता पर्दैन। तसर्थ, मतदाताले स्वीकार्य पहिचान प्रदान गरेमा एक योग्य मतदाताले निर्वाचनमा मतदान गर्न सक्छ।
https://www.vote.org/state/ohio	ओहायो	आफै गएरः निर्वाचनको मिति भन्दा ३० दिन अघि, यदि यो आइतवार वा बिदामा परेको खण्डमा त्यस पछिको कार्यालय खुलेको दिनसम्म विस्तार हुन्छ। मेल द्वारा: निर्वाचनको मितिको 30 दिन अघि पोस्टमार्क गरिएको, यदि यो आइतवार वा बिदामा परेको खण्डमा त्यस पछिको कार्यालय खुलेको दिनसम्म विस्तार हुन्छ। अनलाइन: निर्वाचनको मितिको 30 दिन अघि , यदि यो आइतवार वा बिदामा परेको खण्डमा त्यस पछिको कार्यालय खुलेको दिनसम्म विस्तार हुन्छ।	यो सुविधा उपलब्ध छैन
https://www.vote.org/state/oklahoma	ओक्लाहोमा	आफै गएरः निर्वाचनको मितिको 25 दिन अघि । मेल द्वारा: निर्वाचनको मितिको भन्दा 25 दिन अघि । अनलाइन: यो सुविधा उपलब्ध छैन	यो सुविधा उपलब्ध छैन
https://www.vote.org/state/oregon	ओरेगन	आफै गएरः निर्वाचनको मितिको २१ दिनअघि । मेल द्वारा: निर्वाचनको मितिको 21 दिन अघि पोस्टमार्क गरिएको। अनलाइन: निर्वाचनको मितिको २१ दिन अघि ।	यो सुविधा उपलब्ध छैन
https://www.vote.org/state/pennsylvania	पेन्सिलभेनिया	आफै गएरः निर्वाचनको मितिको 15 दिन अघि प्राप्त। मेल द्वारा: निर्वाचनको मितिको 15 दिन अघि प्राप्त । अनलाइन: निर्वाचनको मितिको 15 दिन अघि प्राप्त ।	यो सुविधा उपलब्ध छैन
https://www.vote.org/state/rhode-island	रोड आइल्याण्ड	आफै गएरः निर्वाचनको मितिको 30 दिन अघि । मेल द्वारा: निर्वाचनको मितिको 30 दिन अघि पोस्टमार्क। अनलाइन: निर्वाचनको मितिको 30 दिन अघि ।	तपाईले आफ्नो स्थानीय बोर्ड अफ क्यानभासरमा निर्वाचनको मितिको व्यक्तिगत रूपमा दर्ता गर्न सक्नुहुन्छ तर राष्ट्रपतिको निर्वाचनको लागि मात्र।
https://www.vote.org/state/south-carolina	साउथ क्यारोलिना	आफै गएरः निर्वाचनको मितिको 30 दिन अघि । मेल द्वारा: निर्वाचनको मितिको 30 दिन अघि पोस्टमार्क। यदि यो आइतवार वा बिदामा पर्यो भने पोस्टमार्कको म्याद त्यस पछिको कार्यलय  खुलेको दिनसम्म विस्तार गरिन्छ। अनलाइन: निर्वाचनको मितिको 30 दिन अघि ।	यो सुविधा उपलब्ध छैन
https://www.vote.org/state/south-dakota	साउथ डकोटा	आफै गएरः निर्वाचनको मितिको 15 दिन अघि। मेल द्वारा: निर्वाचनको मितिको 15 दिन अघि प्राप्त । अनलाइन: यो सुविधा उपलब्ध छैन	यो सुविधा उपलब्ध छैन
https://www.vote.org/state/tennessee	टेनेसी	आफै गएरः निर्वाचनको मितिको 30 दिन अघि । यदि यो आइतवार वा कानुनी बिदामा पर्छ भने, त्यस पछिको कार्यालय खुलेको दिनसम्म। मेल द्वारा: निर्वाचनको मितिको 30 दिन अघि पोस्टमार्क। यदि यो आइतवार वा कानुनी बिदामा पर्छ भने, त्यस पछिको कार्यालय खुलेको दिनसम्म। अनलाइन: निर्वाचनको मितिको 30 दिन अघि । यदि यो आइतवार वा कानुनी बिदामा पर्छ भने, त्यस पछिको कार्यालय खुलेको दिनसम्म।	यो सुविधा उपलब्ध छैन
https://www.vote.org/state/texas	टेक्सास	आफै गएरः निर्वाचनको मितिको भन्दा 30 दिन अघि । यदि त्यो दिन एक सप्ताहांत वा राष्ट्रिय बिदा हो भने, त्यस पछिको कार्यालय खुलेको दिनसम्म । मेल द्वारा: निर्वाचनको मितिको 30 दिन अघि पोस्टमार्क गरिएको। यदि त्यो दिन सप्ताहन्त वा राष्ट्रिय बिदा हो भने, त्यत्यस पछिको कार्यालय खुलेको दिनसम्म । अनलाइन: यो सुविधा उपलब्ध छैन	यो सुविधा उपलब्ध छैन
https://www.vote.org/state/utah	यूटाह	ब्यक्तिगत रूपमा: काउन्टी क्लर्कको कार्यालयमा निर्वाचनको मिति भन्दा ११ दिन अघि साँझ 5 बजे प्राप्त हुनु पर्ने, तर मतदाताहरूले प्रारम्भिक मतदानको समयमा र निर्वाचनको मितिकोमा पनि दर्ता गर्न सक्छन्। यद्यपि, मतदाताहरूले प्रारम्भिक मतदानको समयमा वा निर्वाचनको मितिकोमा व्यक्तिगत रूपमा दर्ता गरेमा अस्थायी मतपत्रद्वारा मतदान गर्नुपर्छ। मेल द्वारा: निर्वाचनको मितिको भन्दा 11 दिन अघि 5 PM द्वारा प्राप्त। अनलाइन: निर्वाचनको मितिकोभन्दा ११ दिन अघि बेलुकी ५ बजे प्राप्त ।	मतदान गर्न दर्ता नभएको व्यक्तिले निर्वाचनको दिन वा प्रारम्भिक मतदान अवधिमा अस्थायी मतपत्रमा मतदान गरेर दर्ता र मतदान गर्न सक्छ, यदि:  व्यक्ति अन्यथा कानुनी रूपमा मतपत्रमा मतदान गर्न हकदार छ;  मतपत्र व्यक्ति बस्ने क्षेत्रको मतपत्रसँग मिल्दोजुल्दो छ; अस्थायी मतपत्र फारमको जानकारी पूर्ण छ; र व्यक्तिले मतदान कार्यकर्तालाई वैध मतदाता पहिचान र निवासको प्रमाण प्रदान गर्दछ।
https://www.vote.org/state/vermont	भर्मन्ट	आफै गएरः निर्वाचनको मिति सम्म (निर्वाचनको मितिमा मतदानमा दर्ता गर्न तपाईंले निवासको प्रमाण देखाउनुपर्छ)। मेल द्वारा: निर्वाचनको मितिको प्राप्त । यद्यपि, यदि तपाइँको आवेदन निर्वाचनको मितिमा प्राप्त भयो भने, तपाइँको आवेदन प्रशोधन नहुन सक्छ र तपाइँको नाम चेकलिस्टमा नदेखिन सक्छ र तपाइँलाई मतदानमा अर्को आवेदन भर्न भनिएको हुन सक्छ। तपाईंको नाम चेकलिस्टमा देखा परेको छ भनी सुनिश्चित गर्न, कृपया निर्वाचन अघि शुक्रबारसम्म दर्ता गर्नुहोस्। अनलाइन: निर्वाचनको दिन। तर यदि तपाईंले निर्वाचनको अघिल्लो दिन वा दिनमा अनलाइन दर्ता गर्नुभयो भने, तपाईंको आवेदन प्रक्रियामा नपर्न सक्छ र तपाईंको नाम चेकलिस्टमा नदेखिन सक्छ र तपाईंलाई मतदानमा अर्को आवेदन भर्न भनिएको हुन सक्छ। तपाईंको नाम चेकलिस्टमा देखा परेको छ भनी सुनिश्चित गर्न, कृपया निर्वाचन अघि शुक्रबारसम्म दर्ता गर्नुहोस्।	तपाईं आफ्नो मतदान स्थलमा निर्वाचनको मितिकोमा मतदान गर्न दर्ता गर्न सक्नुहुन्छ। तपाईंले निर्वाचनको दिन मतदानमा दर्ता गर्नको लागि निवासको प्रमाण देखाउनुपर्छ।
https://www.vote.org/state/virginia	भर्जिनिया	व्यक्तिगत रूपमा: निर्वाचनको मितिको भन्दा 22 दिन अघि कार्यलय बन्द हुनु अगाडी, वा यदि तपाईंले अन्तिम मिति छुटाउनुभयो भने, प्रारम्भिक मतदानको समयमा र निर्वाचनको मितिकोमा उही-दिन दर्ता उपलब्ध छ। मेल द्वारा: निर्वाचनको मितिको 22 दिन अघि पोस्टमार्क गरिएको। अनलाइन: निर्वाचनको दिनभन्दा २२ दिन अघि राति ११:५९ बजे प्राप्त भयो।	प्रारम्भिक मतदान अवधिमा तपाईले आफ्नो सामान्य रजिस्ट्रारको कार्यालय वा उपग्रह स्थानमा दर्ता गर्न सक्नुहुन्छ । निर्वाचनको दिनमा, तपाईंले आफू बसेको क्षेत्रको मतदान स्थलमा जानुपर्छ ।
https://www.vote.org/state/washington	वासिङ्टन	आफै गएरः निर्वाचनको मिति सम्म। मेल द्वारा: निर्वाचनको मितिको भन्दा 8 दिन अघि प्राप्त । अनलाइन: निर्वाचनको मितिको 8 दिन अघि प्राप्त 	व्यक्तिहरूले आफ्नो काउन्टी लेखा परीक्षकको कार्यालय, काउन्टी लेखा परीक्षकको कार्यालयबाट छुट्टै शहरमा, मतदान केन्द्र, वा काउन्टी लेखा परीक्षकले आफ्नो निवासको काउन्टीमा तोकिएको अन्य स्थानमा 8 भन्दा पछिको निर्वाचनको विभाजनमा मतदान गर्न दर्ता गर्न सक्छन्: प्राथमिक, विशेष निर्वाचन, वा आम निर्वाचनको दिनमा बेलुका ०० बजे। दर्ता प्रक्रिया र निर्वाचनको दिन दर्ता गर्नका लागि आवश्यकताहरू कागजी दर्ता फारम वा अनलाइन फारम भर्नको लागि समान छन्।
https://www.vote.org/state/west-virginia	वेस्ट भर्जिनिया	आफै गएरः निर्वाचनको मितिको २१ दिन अघि । मेल द्वारा: निर्वाचनको मितिको 21 दिन अघि  पोस्टमार्क गरिएको। अनलाइन: निर्वाचनको मितिको अघि २१ दिन।	यो सुविधा उपलब्ध छैन
https://www.vote.org/state/wisconsin	विस्कन्सिन	आफै गएरः निर्वाचनको मितिको अघि शुक्रबार, तर मतदाताहरूले पनि निर्वाचनको मितिको दर्ता गर्न सक्छन् मेल द्वारा: निर्वाचनको मितिको कम्तिमा 20 दिन अघि पोस्टमार्क गरिएको। अनलाइन: निर्वाचनको मितिको 20 दिन अघि।	व्यक्तिहरूले निर्वाचनको मितिकोमा तपाईंको मतदान स्थलमा व्यक्तिगत रूपमा मतदान गर्न दर्ता गर्न सक्छन्। सबै व्यक्तिहरूले निर्वाचनको दिन दर्ता गर्नको लागि निवासी कागजात र पहिचानको प्रमाण दुवै उपलब्ध गराउनुपर्छ।
https://www.vote.org/state/wyoming	वायोमिङ	आफै गएरः निर्वाचनको मितिको 14 दिन अघि प्राप्त । यस मिति पछि, व्यक्तिहरूले अझै पनि दर्ता गर्न र त्यो दुई हप्ताको अवधि भित्र वा निर्वाचनको मितिमा मतदानमा अनुपस्थित मतदान गर्न सक्छन्। मेल द्वारा: निर्वाचनको मितिको 14 दिन अघि प्राप्त । यस मिति पछि, व्यक्तिहरूले मेल मार्फत मतदान गर्न दर्ता गर्न सक्छन् यदि उनीहरूको दर्ता पनि अनुपस्थित मतपत्र अनुरोधको साथमा छ। अनलाइन: यो सुविधा उपलब्ध छैन	तपाईंले निर्वाचनको मितिकोमा मतदानमा मतदान गर्न दर्ता गर्न सक्नुहुन्छ।